{
	"pages": [ //pages数组中第一项表示应用启动页，参考：https://uniapp.dcloud.io/collocation/pages
		{
		    "path" : "pages/index/index",
		    "style" :                                                                                    
		    {
		        "navigationBarTitleText": "支付",
		        "enablePullDownRefresh": false
		    }
		    
		}
		,{
			"path": "pages/index/login",
			"style": {
				"navigationBarTitleText": "登入",
				"navigationStyle": "custom"
			}
		}
	    ,{
            "path" : "pages/index/paySuccess",
            "style" :                                                                                    
            {
                "navigationBarTitleText": "支付結果",
                "enablePullDownRefresh": false
            }
            
        }
		,{
		    "path" : "pages/index/register",
		    "style" :                                                                                    
		    {
		        "navigationBarTitleText": "註冊",
		        "enablePullDownRefresh": false
		    }
		    
		}
        ,{
            "path" : "pages/index/webView",
            "style" :                                                                                    
            {
                "navigationBarTitleText": "",
                "enablePullDownRefresh": false
            }
            
        }
        ,{
            "path" : "pages/index/emailLogin",
            "style" :                                                                                    
            {
                "navigationBarTitleText": "Email登入",
                "enablePullDownRefresh": false
            }
            
        }
    ],
	"globalStyle": {
		"navigationBarTextStyle": "black",
		"navigationBarTitleText": "扛氣來",
		"navigationBarBackgroundColor": "#F8F8F8",
		"backgroundColor": "#F8F8F8"
	},
	"uniIdRouter": {}
}
